{"cameraMode":{"drawMode":0,"name":"Shaded","section":"Shading Mode"},"sceneLighting":true,"audioPlay":false,"sceneViewState":{"m_AlwaysRefresh":false,"showFog":true,"showSkybox":true,"showFlares":true,"showImageEffects":true,"showParticleSystems":true,"showVisualEffectGraphs":true,"m_FxEnabled":true},"in2DMode":false,"pivot":{"x":-0.45781391859054568,"y":4.394181251525879,"z":1.7908642292022706},"rotation":{"x":-0.23341628909111024,"y":-0.11578178405761719,"z":0.02800014801323414,"w":-0.9650591611862183},"size":2.3930253982543947,"orthographic":false}