{"cameraMode":{"drawMode":0,"name":"Shaded","section":"Shading Mode"},"sceneLighting":true,"audioPlay":false,"sceneViewState":{"m_AlwaysRefresh":false,"showFog":true,"showSkybox":true,"showFlares":true,"showImageEffects":true,"showParticleSystems":true,"showVisualEffectGraphs":true,"m_FxEnabled":true},"in2DMode":false,"pivot":{"x":10.90608024597168,"y":28.137706756591798,"z":5.778456687927246},"rotation":{"x":0.19993539154529572,"y":0.15794774889945985,"z":-0.03267589956521988,"w":0.9664424061775208},"size":34.71947479248047,"orthographic":false}